ID,LatinName,CommonName,SyllableType,SyllableDuration-ms,DominantFreq-Hz,OscRate-cyclesPerSec,SyllableRepeatRate,Start-seconds
1,Homo sapiens,Human speech,Speech,700,400,120,3,0.151
2,Adelotus brevis,Tusked frog,toc,35,1200,1200,0,1.311
3,Assa darlingtoni,Couched frog,ribit,75,3400,180,5.5,3.103
4,Crinia deserticola,Torrid froglet,ribit,70,4760,24,1,5.705
5,Crinia parinsignifera,Beeping froglet,ribit,200,4100,350,1,6.534
6,Crinia signifera,Common eastern froglet,ribit,90,2600,25,5,7.26
7,Crinia tinnula,Wallum froglet,ribit,35,4100,344,1.2,7.962
8,Heleioporus australiacus,Giant burrowing frog,whistle,45,430,430,12,8.69
9,Lechriodus fletcheri,Black soled frog,ribit,380,700,14,0.2,9.732
10,Limnodynastes convexiusculus,Marbled marsh,whistle,100,1940,1940,1,10.881
11,Limnodynastes dumerilii dumerilii,Eastern bobblebonk,toc,120,480,480,0.2,11.657
12,Limnodynastes dumerilii grayi,Eastern bobblebonk,toc,140,1250,1250,1,12.323
13,Limnodynastes fletcheri.mp3,Barking marsh frog,ribit,140,1500,75,0.2,13.253
14,Limnodynastes ornatus.mp3,Ornate burrowing frog,toc,80,1800,1800,1,14.399
15,Limnodynastes peronii.mp3,Striped marsh frog,toc,15,1600,1600,1,15.462
16,Limnodynastes salmini.mp3,Salmon striped frog,toc,100,800,800,1,16.024
17,Limnodynastes tasmaniensis.mp3,Spotted marsh frog,ribit,300,1580,20,0.2,16.901
18,Limnodynastes terraereginae.mp3,Northern pobblebonk,toc,40,970,1000,1,17.644
19,Mixophyes balbus.mp3,Southern barred frog,ribit,800,800,7,0.2,18.772
20,Mixophyes fasciolatus.mp3,Great barred frog,ribit,200,1200,139,0.5,20.454
21,Mixophyes fleayi.mp3,Fleay's barred frog,ribit,450,800,74,0.2,24.626
22,Mixophyes iteratus.mp3,Giant barred frog,ribit,250,600,86,0.2,25.562
23,Neobatrachus sudelli.mp3,Marbled burrowing frog,ribit,400,1400,20,0.5,26.628
24,Paracrinia haswelli.mp3,Red groined froglet,ribit,160,2200,190,0.2,27.886
25,Philoria (undescribed).mp3,Philoria type C,ribit,0,0,0,0.2,0
26,Philoria kundagungan.mp3,Yellow bellied mountain frog,ribit,150,460,110,0.5,29.059
27,Philoria loveridgei.mp3,Masked mountain frog,ribit,110,500,70,0.2,29.903
28,Philoria (undescribed).mp3,Philoria type C,ribit,0,0,0,0.5,0
29,Philoria sphagnicolus.mp3,Sphagnum frog,ribit,80,1000,35,0.3,30.853
30,Pseudophryne australis.mp3,Red crowned brood frog,ribit,200,2900,75,0.2,32.322
31,Pseudophryne bibronii.mp3,Brown brood frog,ribit,150,2400,0,0.2,33.089
32,Pseudophryne coriacea.mp3,Red backed brood frog,ribit,300,2100,48,1,34.344
33,Pseudophryne major.mp3,Great brown brood frog,ribit,500,2750,0,0.2,35.241
34,Pseudophryne raveni.mp3,Copper backed brood frog,ribit,370,2500,44,1,36.26
35,Rheobatrachus silus.mp3,Gastric brooding frog,ribit,510,1500,58,0.1,37.542
36,Taudactylus pleione.mp3,Cumbert tinker frog,toc,30,2500,2500,5,39.16
37,Uperoleia fusca.mp3,Dusky toadlet,ribit,400,2300,42,1,42.238
38,Uperoleia laevigata.mp3,Smooth toadlet,ribit,330,2300,145,0.5,43.991
39,Uperoleia rugosa.mp3,Rugose toadlet,ribit,100,2200,30,0.5,45.827
40,Uperoleia tyleri.mp3,Great dark toadlet,ribit,450,2100,85,0.5,46.961
41,Cyclorana alboguttata.mp3,Green striped burrowing frog,whistle,110,2000,2000,0.5,48.243
42,Cyclorana brevipes.mp3,Short footed water holding frog,ribit,1500,2300,150,0.2,49.247
43,Cyclorana novaehollandiae.mp3,New-holland water holding frog,whistle,260,700,700,1,51.734
44,Litoria aurea.mp3,Green and golden bell frog,ribit,1500,1300,120,0.2,53.18
45,Litoria booroolongensis.mp3,Booroolong frog,ribit/toc,2000,1100,40,0.2,58.754
46,Litoria brevipalmata.mp3,Green tied frog,ribit,1000,3000,10,0.1,61.828
47,Litoria caerulea.mp3,Common green tree frog,whistle,300,500,500,0.5,64.019
48,Litoria castanea.mp3,Ewing little bell frog,ribit,650,850,8,1,66.977
49,Litoria chloris.mp3,Orange eyed green tree frog,ribit,800,1700,220,1,68.351
50,Litoria citropa.mp3,Blue mountains tree frog,ribit/toc,15,1300,1300,0.1,70.208
51,Litoria cooloolensis.mp3,Cooloola sedge frog,ribit,1000,3700,78,0.1,77.589
52,Litoria dentata.mp3,Leaking tree frog,ribit,950,3440,55,0.5,80.02
53,Litoria fallax.mp3,Eastern sedge frog,ribit,430,4750,70,0.2,81.906
54,Litoria freycineti.mp3,Wallum rocket frog,ribit,260,3100,90,1,82.966
55,Litoria gracilenta.mp3,Dainty green tree frog,ribit,1400,2700,100,0.2,84.337
56,Litoria inermis.mp3,Bumpy rocket frog,ribit,190,3450,230,2,87.15
57,Litoria jervisiensis.mp3,Jarvis Bay tree frog,ribit,600,2900,135,2,88
58,Litoria latopalmata.mp3,Broad palmed rocket frog,toc,30,1400,210,5,89.6
59,Litoria lesueuri (northern call race).mp3,Stoney creek frog,ribit/toc,170,1080,37,40,92.116
60,Litoria lesueuri (southern call race).mp3,Leaf green tree frog,ribit,0,0,0,2,0
61,Litoria littlejohni.mp3,Keith frog,ribit,430,1900,66,1,98.153
62,Litoria nasuta.mp3,Striped rocket frog,ribit,100,2800,160,4,100
63,Litoria olongburensis.mp3,Wallum sedge frog,ribit,540,2550,17,1,112.766
64,Litoria pearsoniana.mp3,Mountain stream tree frog,ribit,330,2900,340,3,114.5
65,Litoria peronii.mp3,Emerald spotted tree frog,ribit,1400,1990,22,0.5,117.569
66,Litoria phyllochroa (northern call race).mp3,Leaf green tree frog,ribit,220,2700,18,2,121.841
67,Litoria phyllochroa (southern call race).mp3,Leaf green tree frog,ribit,0,0,0,1,0
68,Litoria revelata.mp3,Whirring tree frog,ribit,8000,4270,5,0.1,127
69,Litoria rothii.mp3,Northern laughing tree frog,ribit,950,1800,6,0.2,138.452
70,Litoria rubella.mp3,Little red tree frog,ribit,500,2900,57,1,141.17
71,Litoria subglandulosa.mp3,New England tree frog,ribit,140,1460,57,2,142.544
72,Litoria tyleri.mp3,Southern laughing tree frog,ribit,700,2480,8,0.3,144.235
73,Litoria verreauxii verreauxii.mp3,Whistling tree frog,ribit,264,3100,123,3,146.838
74,Bufo marinus.mp3,Cane toad,ribit,5000,660,15,0.05,153.5
75,Crinia remota,Northern froglet,ribit,800,3600,15,0.5,0
76,Mixophyes schevillii,Northern barred frog,ribit,310,1100,96,0.2,0
77,Notaden melanoscaphus,Northern spadefoot frog,whistle,290,480,480,0.5,0
78,Pseudophryne covacevichae,Magnificent brood frog,ribit,70,2250,210,0.2,0
79,Rheobatrachus vitellinus,Northern gastric brooding frog,ribit,340,1080,22,0.1,0
80,Taudactylus acutirostris,Shaft's mounted torrid frog,ribit,800,3100,9,0.2,0
81,Taudactylus eungellensis, Eungella torrid frog,ribit/toc,500,2200,7,0.5,0
82,Taudactylus liemi, Eungella tinker frog,ribit/toc,450,3200,6,0.2,0
83,Taudactylus rheophilus,Northern tinker frog,toc,16,3000,3000,4,0
84,Uperoleia altissima,Tableland toadlet,toc,20,3000,3000,1,0
85,Uperoleia lithomoda,Stonemason toadlet,toc,12,2500,2500,0.5,0
86,Uperoleia littlejohni,Einsley upland toadlet,toc,30,1900,1900,0.5,0
87,Uperoleia mimula,Mimic toadlet,ribit,68,2550,46,0.5,0
88,Cyclorana cryptotis,Hidden near waterholding frog,ribit,600,760,115,1,0
89,Cyclorana manya,Small water holding frog,ribit,800,2300,320,0.5,0
90,Litoria bicolor,Northern sedge frog,ribit,300,5300,160,2,0
91,Litoria eucnemis,Growling tree frog,ribit,1000,1250,27,0.3,0
92,Litoria genimaculata,Green eyed tree frog,toc,13,1550,1550,0.5,0
93,Litoria infrafrenata,White lipped green tree frog,ribit/toc,120,710,710,3,0
94,Litoria longirostris,Long-snouted frog,toc,40,5000,5000,0.2,0
95,Litoria microbelos,Minute tree frog,ribit,210,7100,120,0.5,0
96,Litoria nannotis,Waterfall frog,toc,50,1100,1100,0.5,0
97,Litoria nigrofrenata,Poorly rocket frog,ribit,200,3000,245,1,0
98,Litoria nyakalensis,Mountain mist frog,ribit,590,2100,27,0.2,0
99,Litoria pallida,Pallid rocket frog,ribit,490,1760,200,0.5,0
100,Litoria rheocola,Common mist frog,ribit,560,2600,80,1,0
101,Litoria xanthomera,Orange thighed green tree frog,ribit,900,2100,200,0.7,0
102,Nyctimistes dayi,Australian laceley,ribit,400,2300,110,0.3,0
103,Cophixalus bombiens,Windsor nursary frog,ribit,600,4200,130,0.1,0
104,Cophixalus concinnus,Tapping nursary frog,ribit,2700,2800,12,0.05,0
105,Cophixalus crepitans,Northern nursary frog,ribit,1600,4750,19,0.05,0
106,Cophixalus exiguus,Big tableland nursary frog,ribit,1050,3600,14,0.01,0
107,Cophixalus hosmeri,Rattling nursary frog,ribit,1200,4600,26,0.1,0
108,Cophixalus infacetus,Palmerston nursary frog,ribit,1100,3550,64,0.1,0
109,Cophixalus monticola,Mountain top nursary frog,ribit,650,2800,32,0.1,0
110,Cophixalus neglectus,Ballendencur nursary frog,ribit,500,2900,150,0.1,0
111,Cophixalus ornatus,Ornate nursary frog,ribit,550,2500,275,0.2,0
112,Cophixalus saxatilis,Black Mountain nursary frog,ribit/toc,1800,1400,5,0.1,0
112,Cophixalus saxatilis,Black Mountain nursary frog,ribit/toc,3800,1800,10,0.1,0
113,Sphenophryne fryi,Daintree whistling frog,whistle,85,2850,2850,6,0
114,Sphenophryne gracilipes,Shrill whistling frog,whistle,190,3800,3800,2,0
115,Sphenophryne pluvialis,White browed whistling frog,ribit,1300,2800,14,0.1,0
116,Sphenophryne robusta,Robust whistling frog,whistle,145,2870,2870,2,0
117,Rana daemeli,Australian wood frog,ribit,2000,2300,2,0.2,0
